,Z
46440,sVh戤ZQQORcrSe
46444,sVhg꒬QԂPyqlmrTK
46445,sVhg꒬Q-QU
46446,sVhg꒬Q-PW
46447,sVhg꒬Q-P
46449,sVhrؒQ-R
46451,sVhsJ꒬PڂP-P
46454,sVhsJyQڂU
46455,sVhsJyP-Q-TX
46456,sVhsJyPڂQیٓ
46457,sVhsJyRڂT
46458,sVhsJyP-Q-TX
46459,sVhsJyP-Q-TX
46460,sVhsJyQڂSԒn
46465,sVhsJcPڂPW
46466,sVhsJcPڂPW
46471,sVhsJD͌PT
46472,sVhsJD͌PP
46474,sVhsJ{SQ-W
46475,sVhsJ{R-QPoϖ@߃r
46476,sVhsJ{R-QP
46477,sVhsJ{P-PZFsPJr
46478,sVhsJ{R-QP
46479,sVhsJ{PO-V
46480,sVhsJ{R-QU
46481,sVhsJ{PO-T
46482,sVhsJ{T-P
46483,sVhsJ{T-P
46484,sVhsJ{POԂP
46485,sVhsJ{T-P
46486,sVhsJ{T-P
46487,sVhsJ{T-P
46488,sVhsJ{T-P
46489,sVhsJ{T-P
46490,sVhsJ{Q-R
46491,sVhsJ{Q-PQ
46492,sVhsJ{T-P
46493,sVhsJ{T-P
46494,sVhsJ{T-P
46495,sVhsJ{T-P
46496,sVhsJ{T-P
46501,sVh˒PW_yr
46502,sVh˒Q
46504,sVh|V
46505,sVh|V
46506,sVh|RX_y@҃rPOP^QOP
46507,sVh|RRUXNGA[We
46509,sVhvۂQ-Q-UNAXVhrVe
46510,sVhvۂQ-Q-UNAXVhrUe
46511,sVhvۂQڂP-P
46512,sVhvۂQ-PQ-P
46513,sVhvۂPڂQ-PT
46514,sVhvۂQڂPQ-P
46515,sVhvۂQڂPQ-PP
46516,sVhvۂQڂP-P
46517,sVhvۂRڂS-P
46518,sVhvۂQڂW-R
46519,sVhvۂQڂT-QT
46520,sVhvۂQڂPQ-PyA[VhSKETK
46523,sVh_y݂͊P-P
46525,sVh_yUڂRO
46526,sVh_yPڂR
46530,sVh̕꒬PڂS-P
46531,sVh̕꒬PڂPXԂP
46532,sVh̕꒬QڂSS-P
46533,sVh̕꒬PڂS-P
46534,sVh̕꒬PڂS-P
46535,sVh̕꒬PڂRO-P
46536,sVh̕꒬QڂSQ-PO
46538,sVh㗎RڂPO-W
46539,sVh㗎QڂQU-T
46541,sVh͓cW-P
46544,sVhkVhQڂQPԂPVhtg^[
46545,sVhkVhPڂPX-R
46546,sVhkVhQ-QP-P
46549,sVhkRP-PP
46552,sVh捶咬SlJAlbNX
46554,sVhMZRSiqMZrTe
46555,sVhMZRSiqMZr
46556,sVhMZW
46557,sVhMZRQ
46558,sVhMZRT
46559,sVhMZPW
46560,sVhMZRSԂiqMZrTK
46562,sVh扺RڂQQ-PT
46563,sVh扺PڂS-PO
46564,sVh扺QڂU-QQ
46565,sVh扺PڂV-V
46566,sVh扺PڂP-P
46567,sVh扺PڂT-QQA~mrQe
46568,sVh扺PڂQ-S
46569,sVh扺QڂR-PW
46570,sVh扺QڂR-PW
46572,sVh扺{䒬Q-U
46573,sVh扺{䒬Q-PQ_ygbX^WI
46576,sVhV쒬S-PAvXr
46577,sVhV쒬U-QX
46578,sVhV쒬P-V
46579,sVhV쒬S-PPa}r
46581,sVhVhRڂRO-PP
46582,sVhVhU-QV-ROVhC[XgTChXNGAVe
46583,sVhVhU-QV-ROVhC[XgTChXNGAVe
46584,sVhVhPڂRPԂPQ
46585,sVhVhTڂPVԂPWghr
46586,sVhVhVڂQU-XtBI[
46587,sVhVhUڂQVԂROVhC[XgTChXNGAQK
46588,sVhVhPڂQ-VہEVhr
46589,sVhVhRڂPԂPR
46590,sVhVhTڂU-PP
46591,sVhVhUڂQVԂROVhC[XgTChXNGA
46592,sVhVhPڂU-R
46593,sVhVhUڂP-P
46594,sVhVhQ-PX-PrbOXVhrWK
46595,sVhVhT-PS-U{Vhr
46596,sVhVhVڂQV-PX
46597,sVhVhR-PS-P
46598,sVhVhPڂPO-V
46599,sVhVhRڂPԂQSVhOڃr
46600,sVhVhSڂPԂUiqVh~Ci^[QXK
46601,sVhVhRڂPO-W
46602,sVhVhPڂP-PQ
46603,sVhVhPڂP-PQ
46604,sVhVhU-QV-ROVhC[XgTChXNGA
46605,sVhVhSڂPԂUiqVh~Ci^[QXK
46606,sVhVhSڂPԂUiqVh~Ci^[QXK
46607,sVhVhTڂW-P
46608,sVhVhT-PT-TVhOr
46609,sVhVhU-QV-ROVhC[XgTChXNGAVe
46610,sVhVhUڂQW-P
46611,sVhVhT-R-P
46612,sVhVhPڂP-PR
46614,sVh搅S-PR
46615,sVh搅R-X
46619,sVh勞QQ-P
46620,sVh勞S
46622,sVh捂cnPڂS-PT
46623,sVh捂cnSڂRO-QP
46624,sVh捂cnPڂQX-PO
46625,sVh捂cnPڂQR-S
46626,sVh捂cnQڂV-PTSA
46627,sVh捂cnPڂQ-PQ
46628,sVh捂cnQڂW-S`trRe
46629,sVh捂cnSڂQ-RW
46630,sVh捂cnPڂRT-R
46631,sVh捂cnPڂRS-V
46632,sVh捂cnS-QW-PQ
46633,sVh捂cnSڂQW-PQ
46634,sVh捂cnPڂRQ-PR
46635,sVh捂cnQڂPS-PP
46636,sVh捂cnSڂRO-QO
46637,sVh捂cnPڂSԂPTcnr
46638,sVh捂cnPڂSԂPTcnr
46639,sVh捂cnP-QT-RO
46641,sVh\yRW
46644,sVhËv˒PԂQ
46645,sVhËv˒T-P
46646,sVhËv˒Q-P
46649,sVhV_POԒnr
46650,sVhV_UU-PS-Q
46652,sVh˒˒PڂPOS-PX
46654,sVhxvPRԂPX
46655,sVhxvPRԂPX
46656,sVhxvPRԂPX
46659,sVhˎROڂQOԂP
46660,sVhˎRPڂQP-P
46661,sVhˎRRڂQO-P
46662,sVhˎRPڂQR-P
46663,sVhˎRPڂQR-P
46664,sVhˎRPڂQS-P
46666,sVhWVlJ斯Z^[RESe
46667,sVhWV
46668,sVhWV
46669,sVhWV
46670,sVhWV
46671,sVhP
46674,sVh撆QڂT-P
46675,sVh撆PڂU-PQ
46676,sVh撆SڂRPԂP
46677,sVh撆QڂV-P
46678,sVh撆RڂPT-PT
46679,sVh撆SڂRP-P
46681,sVh撆QX
46685,sVh搼PڂQO-W
46686,sVh搼PڂRP-S
46687,sVh搼QڂPW-PQ
46688,sVh搼QڂP-PQ
47223,sVh搼VhPڂV-QXor
47224,sVh搼VhTڂPO-PSVhJcrQe
47225,sVh搼VhPڂW-Rc}r
47226,sVh搼VhPڂP-R
47227,sVh搼VhUڂR-PVhAChECO
47228,sVh搼VhTڂQT-PP
47229,sVh搼VhPڂP-S
47230,sVh搼VhVڂTԂQTVhؑrfBO
47231,sVh搼VhQڂQ-P
47232,sVh搼VhVڂT-W
47233,sVh搼VhVڂW-POI[Nr
47234,sVh搼VhRڂQ-PPVhOQقPSe
47235,sVh搼VhQڂR-RjcchrAlbNXTe
47236,sVh搼VhP-PO-Q
47237,sVh搼VhRڂPX-Q
47238,sVh搼VhUڂPRԂPVhZgp[Nr
47239,sVh搼VhRڂQ-X
47240,sVh搼VhQڂR-RjcchrAlbNX
47241,sVh搼VhVڂT-QTVhؑrfBO
47242,sVh搼VhPڂQS-Q
47243,sVh搼VhRڂQO-P
47244,sVh搼VhPڂQQ-Q
47245,sVh搼VhPڂT-P
47246,sVh搼VhQڂS-PVhmrr
47247,sVh搼VhRڂV-PVhp[N^[
47248,sVh搼VhQڂR-PVhmXPUe
47249,sVh搼VhQڂR-PVhmX
47250,sVh搼VhQ-R-PVhmX
47251,sVh搼VhQ-S-PVhmrrQRK
47252,sVh搼VhQڂS-PVhmrrPUK
47253,sVh搼VhS-RQ-QQ
47254,sVh搼VhQڂS-PVhmrr
47255,sVh搼VhRڂV-PVhp[N^[QUe
47256,sVh搼VhSڂRR-SVhr
47257,sVh搼VhQڂV-Pc}ꐶr
47258,sVh搼VhQڂV-Pc}ꐶr
47259,sVh搼VhPڂX-P
47260,sVh搼VhUڂQP-P
47261,sVh搼VhQڂW-P
47262,sVh搼VhQڂR-Q
47263,sVh搼VhQڂS-PVhmrr
47264,sVh搼VhUڂT-PVhACh^[
47265,sVh搼VhRڂQOԂQIyVeB^[
47266,sVh搼VhRڂQO-QIyVeB^[PTe
47267,sVh搼VhRڂQO-QIyVeBPRe
47268,sVh搼VhUڂT-PVhACh^[
47269,sVh搼VhUڂT-PVhACh^[
47270,sVh搼VhUڂT-PVhACh^[
47271,sVh搼VhUڂT-PVhACh^[QOe
47272,sVh搼VhRڂV-PVhp[N^[
47273,sVh搼VhUڂT-PVhACh^[QQe
47274,sVh搼VhR-V-P
47275,sVh搼VhPڂU-PVhG^[
47276,sVh搼VhP-U-PVhG^[POK
47277,sVh搼VhPڂU-PVhG^[QXe
47278,sVh搼VhR-V-PVhp[N^[PRK
47279,sVh搼VhRڂV-P
47280,sVh搼VhRڂV-PVhp[N^[QVe
47281,sVh搼VhPڂQR-VVht@[XgEGXg
47282,sVh搼VhUڂT-P
47283,sVh搼VhP-QU-QVh쑺rPXK
47284,sVh搼VhVڂT-QT
47285,sVh搼VhP-QU-QVh쑺rPSK
47286,sVh搼VhPڂQU-QVh쑺r
47287,sVh搼VhPڂQU-QVh쑺rQVe
47288,sVh搼VhPڂQU-QVh쑺r
47289,sVh搼VhPڂQUԂQVh쑺rQPe
47290,sVh搼VhPڂQU-QVh쑺r
47291,sVh搼VhPڂQT-PVhZ^[rSRe
47292,sVh搼VhPڂQU-QVh쑺r
47293,sVh搼VhPڂQT-PVhZ^[r
47294,sVh搼VhQڂP-PVhOrTQK
47295,sVh搼VhQ-P-PVhOr
47296,sVh搼VhQ-P-PVhOr
47297,sVh搼VhQ-P-PVhOr
47298,sVh搼VhQ-U-P-PUK
47299,sVh搼VhQڂU-PVhZFr
47300,sVh搼VhQڂU-PVhZFr
47301,sVh搼VhPڂQU-QVh쑺r
47302,sVh搼VhU-PO-PynVhrQOe
47303,sVh搼VhUڂPQ-RO
47304,sVh搼VhP-QS-PGXebNrPUe
47305,sVh搼VhPڂQR-VVht@[XgEGXgPUe
47306,sVh搼VhUڂQS-PVhOrfBOUe
47307,sVh搼VhU-PW-PZFsYVhZgp[N^[PWKEPXK
47308,sVh搼VhPڂT-P
47309,sVh搼VhPڂQUԂQ
47310,sVh搼VhW-PV-PZFsYVhOh^[RXK
47311,sVh搼VhQڂUԂPVhZFrPXK
47312,sVh搼VhP-QU-P
47313,sVh搼VhPڂQT-PVhZ^[r
47314,sVh搼VhPڂQT-PVhZ^[r
47315,sVh搼VhPڂQT-PVhZ^[r
47316,sVh搼VhPڂQT-PVhZ^[rRUe
47317,sVh搼VhPڂQT-PVhZ^[r
47318,sVh搼VhPڂQT-PVhZ^[r
47319,sVh搼VhVڂVԂROc}Vhn-ok`bd
47390,sVh搼cQڂR-Pcd
47391,sVh搼cPڂU-P
47392,sVh搼cPڂP-U
47393,sVh搼cQ-R-PW-VQ
47394,sVh搼cQڂPW-Q
47395,sVh搼cRڂPR-T
47396,sVh搼cRڂRO-PU
47397,sVh搼cRڂRO-PR
47398,sVh搼cRڂT-PO
47399,sVh搼cQڂR-P
47401,sVhnꉺPS
47402,sVhnꉺUQ
47404,sVh敥QT-T
47405,sVh敥PS-P
47407,sVh挴RڂUPjr
47408,sVh挴RڂWV
47411,sVh擌܌Q-X
47412,sVh擌܌R-QW
47413,sVh擌܌U-QS
47415,sVhSlRڂQW-PO
47416,sVhSlPڂPU-QP
47417,sVhSlQڂQV-U
47418,sVhSlQڂQV-U
47419,sVhSlQڂQO-PV
47420,sVhSlPڂQT-S
47421,sVhSlRڂQU-Q
47423,sVhܒU
47429,sVh쌳PX
47430,sVh쌳U-Q
47431,sVh쌳PW
47432,sVh쌳PX
47435,sVhRWP
47436,sVhRPP-P
47437,sVhRPO-P|[ϓ
47438,sVhRRRPch`anw
47439,sVhRRTO
47441,sVhPQR
47442,sVhVP
47444,sVh扡TT
47445,sVh扡TT
47448,sVhlJSڂQW-V
47449,sVhlJSڂP
47450,sVhlJPڂUԂPRlJElJ^[TK
47451,sVhlJPڂUԂPUK
47452,sVhlJRڂR-PxmEۘArVe
47453,sVhlJSڂPU-R{Vh䉑Or
47454,sVhlJSڂRS-PVh䉑OAlbNXrSe
47455,sVhlJPڂV
47457,sVhlJ⒬PQԂQP
47459,sVhlJOhVԂV
47461,sVhlJ{TԂP
47464,sVhᏼPQ-Q
47465,sVhᏼPX-P
47466,sVhᏼPX-P
47470,sVh摁cT-S
47471,sVh摁cT-S
47472,sVh摁cUX
